Umeteas,244001794,/hi
Umeteas,244001794,/time
Umeteas,244001794,/help
Umeteas,244001794,/sum 7 9
Umeteas,244001794,/del 8 4
Umeteas,244001794,/del
Umeteas,244001794,/del 8 4
Umeteas,244001794,/help
Umeteas,244001794,/hi
Umeteas,244001794,/del 10 5
Umeteas,244001794,/sum 6 9
Umeteas,244001794,/sum
Umeteas,244001794,/sum
Umeteas,244001794,/sum 6 8
Umeteas,244001794,/help
Umeteas,244001794,/time
Umeteas,244001794,/help
Umeteas,244001794,/help
Umeteas,244001794,/time
Umeteas,244001794,/time
Umeteas,244001794,/time
Umeteas,244001794,/hi
Umeteas,244001794,/hi
Umeteas,244001794,/hi
Umeteas,244001794,/help
Umeteas,244001794,/sum
Umeteas,244001794,/hi
Umeteas,244001794,/help
Umeteas,244001794,/time
Umeteas,244001794,/sum
Umeteas,244001794,/help
